{
  "obs_stats_test": {
    "chi2_freq": 79.73533424283765,
    "sum_mean": 272.41473396998634,
    "sum_std": 62.548163389077146,
    "range_mean": 64.52796725784448,
    "evens_mean": 2.9849931787175987,
    "decades_mean": 4.620736698499318,
    "consec_mean": 0.34379263301500684
  },
  "models": {
    "G0": {
      "sim_stats": {
        "chi2_freq": 65.77899045020465,
        "sum_mean": 270.2319236016371,
        "sum_std": 61.54024152865184,
        "range_mean": 64.4474761255116,
        "evens_mean": 2.889495225102319,
        "decades_mean": 4.6684856753069575,
        "consec_mean": 0.3165075034106412
      },
      "diffs_vs_obs": {
        "chi2_freq": -13.956343792633007,
        "sum_mean": -2.1828103683492373,
        "sum_std": -1.0079218604253057,
        "range_mean": -0.08049113233288097,
        "evens_mean": -0.09549795361527957,
        "decades_mean": 0.047748976807639565,
        "consec_mean": -0.027285129604365632
      }
    },
    "G2": {
      "sim_stats": {
        "chi2_freq": 148.65757162346517,
        "sum_mean": 272.8158253751705,
        "sum_std": 61.062982005349234,
        "range_mean": 63.765347885402456,
        "evens_mean": 2.927694406548431,
        "decades_mean": 4.673942701227831,
        "consec_mean": 0.3083219645293315
      },
      "diffs_vs_obs": {
        "chi2_freq": 68.92223738062752,
        "sum_mean": 0.401091405184161,
        "sum_std": -1.4851813837279124,
        "range_mean": -0.7626193724420247,
        "evens_mean": -0.05729877216916757,
        "decades_mean": 0.053206002728512836,
        "consec_mean": -0.035470668485675316
      }
    },
    "G3": {
      "sim_stats": {
        "chi2_freq": 147.59345156889495,
        "sum_mean": 271.62210095497954,
        "sum_std": 60.162085774628785,
        "range_mean": 64.09549795361528,
        "evens_mean": 2.9590723055934514,
        "decades_mean": 4.699863574351978,
        "consec_mean": 0.32332878581173263
      },
      "diffs_vs_obs": {
        "chi2_freq": 67.8581173260573,
        "sum_mean": -0.7926330150067997,
        "sum_std": -2.386077614448361,
        "range_mean": -0.43246930422920116,
        "evens_mean": -0.02592087312414737,
        "decades_mean": 0.0791268758526602,
        "consec_mean": -0.02046384720327421
      }
    },
    "G4": {
      "sim_stats": {
        "chi2_freq": 84.9331514324693,
        "sum_mean": 272.6630286493861,
        "sum_std": 60.71533300385184,
        "range_mean": 63.93724420190996,
        "evens_mean": 2.930422919508868,
        "decades_mean": 4.673942701227831,
        "consec_mean": 0.33424283765347884
      },
      "diffs_vs_obs": {
        "chi2_freq": 5.19781718963165,
        "sum_mean": 0.24829467939974847,
        "sum_std": -1.8328303852253072,
        "range_mean": -0.590723055934518,
        "evens_mean": -0.05457025920873093,
        "decades_mean": 0.053206002728512836,
        "consec_mean": -0.009549795361528002
      }
    },
    "G5": {
      "sim_stats": {
        "chi2_freq": 245.36971350613916,
        "sum_mean": 272.54024556616645,
        "sum_std": 60.84157477150305,
        "range_mean": 64.24556616643929,
        "evens_mean": 2.8649386084583903,
        "decades_mean": 4.686221009549795,
        "consec_mean": 0.3178717598908595
      },
      "diffs_vs_obs": {
        "chi2_freq": 165.63437926330153,
        "sum_mean": 0.12551159618010388,
        "sum_std": -1.7065886175740985,
        "range_mean": -0.2824010914051911,
        "evens_mean": -0.1200545702592084,
        "decades_mean": 0.06548431105047747,
        "consec_mean": -0.02592087312414737
      }
    },
    "G6": {
      "sim_stats": {
        "chi2_freq": 135.68349249658937,
        "sum_mean": 272.1746248294679,
        "sum_std": 61.94725177728462,
        "range_mean": 63.55388813096862,
        "evens_mean": 2.9358799454297406,
        "decades_mean": 4.697135061391542,
        "consec_mean": 0.3015006821282401
      },
      "diffs_vs_obs": {
        "chi2_freq": 55.948158253751714,
        "sum_mean": -0.24010914051842747,
        "sum_std": -0.600911611792526,
        "range_mean": -0.9740791268758571,
        "evens_mean": -0.049113233287858105,
        "decades_mean": 0.07639836289222401,
        "consec_mean": -0.04229195088676674
      }
    },
    "G1_MT19937": {
      "sim_stats": {
        "chi2_freq": 85.71077762619372,
        "sum_mean": 270.7762619372442,
        "sum_std": 64.87948011440149,
        "range_mean": 65.06412005457025,
        "evens_mean": 3.0409276944065486,
        "decades_mean": 4.703956343792633,
        "consec_mean": 0.32060027285129605
      },
      "diffs_vs_obs": {
        "chi2_freq": 5.975443383356065,
        "sum_mean": -1.6384720327421292,
        "sum_std": 2.331316725324342,
        "range_mean": 0.5361527967257729,
        "evens_mean": 0.055934515688949915,
        "decades_mean": 0.08321964529331538,
        "consec_mean": -0.02319236016371079
      }
    },
    "G1_PCG64": {
      "sim_stats": {
        "chi2_freq": 78.7530695770805,
        "sum_mean": 272.42291950886766,
        "sum_std": 62.15402352037354,
        "range_mean": 64.98226466575716,
        "evens_mean": 2.946793997271487,
        "decades_mean": 4.607094133697135,
        "consec_mean": 0.34924965893587995
      },
      "diffs_vs_obs": {
        "chi2_freq": -0.9822646657571568,
        "sum_mean": 0.008185538881321008,
        "sum_std": -0.3941398687036042,
        "range_mean": 0.4542974079126765,
        "evens_mean": -0.03819918144611156,
        "decades_mean": -0.013642564802182733,
        "consec_mean": 0.005457025920873104
      }
    },
    "G1_Philox": {
      "sim_stats": {
        "chi2_freq": 73.0231923601637,
        "sum_mean": 275.1145975443383,
        "sum_std": 61.197200689065255,
        "range_mean": 64.52660300136425,
        "evens_mean": 2.9781718963165074,
        "decades_mean": 4.622100954979536,
        "consec_mean": 0.3451568894952251
      },
      "diffs_vs_obs": {
        "chi2_freq": -6.712141882673947,
        "sum_mean": 2.69986357435198,
        "sum_std": -1.3509627000118911,
        "range_mean": -0.001364256480229642,
        "evens_mean": -0.006821282401091366,
        "decades_mean": 0.0013642564802180956,
        "consec_mean": 0.0013642564802182622
      }
    }
  }
}