{
  "obs_stats_test": {
    "chi2_freq": 84.91970802919707,
    "sum_mean": 275.09099756690995,
    "sum_std": 61.251585146398185,
    "range_mean": 64.78880778588808,
    "evens_mean": 2.976155717761557,
    "decades_mean": 4.652554744525547,
    "consec_mean": 0.32652068126520684
  },
  "models": {
    "G0": {
      "sim_stats": {
        "chi2_freq": 78.2189781021898,
        "sum_mean": 271.3051094890511,
        "sum_std": 60.94539734941464,
        "range_mean": 64.68807785888077,
        "evens_mean": 2.9508515815085157,
        "decades_mean": 4.648175182481752,
        "consec_mean": 0.3284671532846715
      },
      "diffs_vs_obs": {
        "chi2_freq": -6.7007299270072735,
        "sum_mean": -3.7858880778588286,
        "sum_std": -0.3061877969835436,
        "range_mean": -0.10072992700730765,
        "evens_mean": -0.02530413625304151,
        "decades_mean": -0.004379562043795637,
        "consec_mean": 0.0019464720194646845
      }
    },
    "G2": {
      "sim_stats": {
        "chi2_freq": 196.0,
        "sum_mean": 274.1182481751825,
        "sum_std": 61.138947751911104,
        "range_mean": 64.70121654501216,
        "evens_mean": 2.9912408759124087,
        "decades_mean": 4.654501216545012,
        "consec_mean": 0.31630170316301703
      },
      "diffs_vs_obs": {
        "chi2_freq": 111.08029197080293,
        "sum_mean": -0.9727493917274614,
        "sum_std": -0.11263739448708066,
        "range_mean": -0.0875912408759234,
        "evens_mean": 0.015085158150851541,
        "decades_mean": 0.001946472019464629,
        "consec_mean": -0.010218978102189802
      }
    },
    "G3": {
      "sim_stats": {
        "chi2_freq": 195.25547445255475,
        "sum_mean": 274.0642335766423,
        "sum_std": 61.84397415475856,
        "range_mean": 64.4992700729927,
        "evens_mean": 2.95669099756691,
        "decades_mean": 4.658394160583941,
        "consec_mean": 0.332360097323601
      },
      "diffs_vs_obs": {
        "chi2_freq": 110.33576642335768,
        "sum_mean": -1.026763990267625,
        "sum_std": 0.592389008360378,
        "range_mean": -0.2895377128953811,
        "evens_mean": -0.019464720194647178,
        "decades_mean": 0.005839416058393887,
        "consec_mean": 0.0058394160583941646
      }
    },
    "G4": {
      "sim_stats": {
        "chi2_freq": 100.23357664233578,
        "sum_mean": 274.20973236009735,
        "sum_std": 60.50922837000349,
        "range_mean": 64.91922141119221,
        "evens_mean": 2.9610705596107056,
        "decades_mean": 4.670559610705596,
        "consec_mean": 0.327007299270073
      },
      "diffs_vs_obs": {
        "chi2_freq": 15.313868613138709,
        "sum_mean": -0.8812652068125999,
        "sum_std": -0.7423567763946934,
        "range_mean": 0.13041362530412925,
        "evens_mean": -0.015085158150851541,
        "decades_mean": 0.01800486618004893,
        "consec_mean": 0.00048661800486615725
      }
    },
    "G5": {
      "sim_stats": {
        "chi2_freq": 185.00729927007302,
        "sum_mean": 274.12019464720197,
        "sum_std": 61.45839615834661,
        "range_mean": 64.66082725060828,
        "evens_mean": 2.9669099756691,
        "decades_mean": 4.655961070559611,
        "consec_mean": 0.31143552311435524
      },
      "diffs_vs_obs": {
        "chi2_freq": 100.08759124087595,
        "sum_mean": -0.9708029197079782,
        "sum_std": 0.20681101194842455,
        "range_mean": -0.12798053527980358,
        "evens_mean": -0.00924574209245721,
        "decades_mean": 0.003406326034063767,
        "consec_mean": -0.015085158150851596
      }
    },
    "G6": {
      "sim_stats": {
        "chi2_freq": 144.94890510948906,
        "sum_mean": 274.0233576642336,
        "sum_std": 60.06097825477652,
        "range_mean": 64.95571776155718,
        "evens_mean": 3.0063260340632603,
        "decades_mean": 4.69051094890511,
        "consec_mean": 0.3182481751824818
      },
      "diffs_vs_obs": {
        "chi2_freq": 60.02919708029199,
        "sum_mean": -1.067639902676376,
        "sum_std": -1.1906068916216626,
        "range_mean": 0.1669099756690997,
        "evens_mean": 0.030170316301703082,
        "decades_mean": 0.037956204379562486,
        "consec_mean": -0.008272506082725062
      }
    },
    "G1_MT19937": {
      "sim_stats": {
        "chi2_freq": 87.76642335766424,
        "sum_mean": 272.03114355231145,
        "sum_std": 61.790730754766955,
        "range_mean": 65.14452554744526,
        "evens_mean": 3.024817518248175,
        "decades_mean": 4.68661800486618,
        "consec_mean": 0.3309002433090024
      },
      "diffs_vs_obs": {
        "chi2_freq": 2.8467153284671696,
        "sum_mean": -3.0598540145985,
        "sum_std": 0.53914560836877,
        "range_mean": 0.35571776155717316,
        "evens_mean": 0.048661800486617945,
        "decades_mean": 0.03406326034063234,
        "consec_mean": 0.004379562043795582
      }
    },
    "G1_PCG64": {
      "sim_stats": {
        "chi2_freq": 81.6934306569343,
        "sum_mean": 271.1883211678832,
        "sum_std": 60.941262932749076,
        "range_mean": 64.86666666666666,
        "evens_mean": 2.98978102189781,
        "decades_mean": 4.6384428223844285,
        "consec_mean": 0.3391727493917275
      },
      "diffs_vs_obs": {
        "chi2_freq": -3.2262773722627713,
        "sum_mean": -3.9026763990267455,
        "sum_std": -0.3103222136491084,
        "range_mean": 0.07785888077857805,
        "evens_mean": 0.013625304136252847,
        "decades_mean": -0.014111922141118782,
        "consec_mean": 0.012652068126520644
      }
    },
    "G1_Philox": {
      "sim_stats": {
        "chi2_freq": 69.25547445255476,
        "sum_mean": 273.70559610705595,
        "sum_std": 62.39974298735504,
        "range_mean": 64.64136253041363,
        "evens_mean": 2.9503649635036497,
        "decades_mean": 4.646715328467153,
        "consec_mean": 0.34257907542579075
      },
      "diffs_vs_obs": {
        "chi2_freq": -15.664233576642303,
        "sum_mean": -1.3854014598539948,
        "sum_std": 1.1481578409568556,
        "range_mean": -0.14744525547445164,
        "evens_mean": -0.025790754257907444,
        "decades_mean": -0.005839416058393887,
        "consec_mean": 0.01605839416058391
      }
    }
  }
}